"resultado","titulo","consulta","consulta_que_funciono","encontrado","tipo","marca","lat","lng","por_que_no"
"con pin","Bañarte en una playa de arena negra de Santorini","Perissa, Santorini, Greece","Perissa, Santorini, Greece","Περίσσα, Δημοτική Ενότητα Θήρας, Δήμος Θήρας, Περιφερειακή Ενότητα Θήρας, Περιφέρεια Νοτίου Αιγαίου, Αποκεντρωμένη Διοίκηση Αιγαίου, 847 03, Ελλάς","village","revisar","36.3569274","25.4738666",""
"con pin","Ver una procesión de la Semana Santa de Sevilla","Catedral de Sevilla, Sevilla, España","Catedral de Sevilla, Sevilla, España","Catedral de Sevilla, Calle Fray Ceferino González, Santa Cruz, Casco Antiguo, Sevilla, Andalucía, 41004, España","place_of_worship","fiable","37.385915","-5.9931406",""
"con pin","Ver una carrera en Spa-Francorchamps","Circuit de Spa-Francorchamps, Stavelot, Belgique","Circuit de Spa-Francorchamps, Stavelot, Belgique","Musée du Circuit de Spa-Francorchamps, 1, Cour de l'Abbaye, Stavelot, Verviers, Liège, Wallonie, 4970, België / Belgique / Belgien","museum","fiable","50.393728","5.9322176",""
"con pin","Ver las curtidurías de Fez","Chouara Tannery, Fes, Morocco","Chouara Tannery, Fes, Morocco","Quartier des tanneurs Chouara, Fès-Médina ⴼⴰⵙ-ⵎⴷⵉⵏⴰ فاس-المدينة, Arrondissement de Fès-Médina مقاطعة فاس المدينة, Fès ⴼⴰⵙ فاس, Pachalik du Fes باشوية فاس, Préfecture de Fès عمالة فاس, Fès-Meknès ⴼⴰⵙ-ⵎⴽⵏⴰⵙ فاس-مكناس, Maroc ⵍⵎⵖⵔⵉⴱ المغرب","commercial","revisar","34.0659178","-4.9709916",""
"con pin","Pasear por el casco antiguo de Hanói","Hoan Kiem, Hanoi, Vietnam","Hoan Kiem, Hanoi, Vietnam","Phường Hoàn Kiếm, Thành phố Hà Nội, 11024, Việt Nam","administrative","revisar","21.0323032","105.8506925",""
"con pin","Pasear por el Bund","The Bund, Shanghai, China","The Bund, Shanghai, China","外滩, 新北门, 外滩街道, 上海市, 黄浦区, 上海市, 200002, 中国","pedestrian","fiable","31.2353356","121.487632",""
"con pin","Bucear en Raja Ampat","Kepulauan Raja Ampat, Indonesia","Kepulauan Raja Ampat, Indonesia","Kepulauan Ayu, Yenkanfan, Raja Ampat, Papua Barat Daya, Indonesia","archipelago","revisar","0.3768088","131.0493911",""
"con pin","Ver las cataratas del Niágara","Niagara Falls, Ontario, Canada","Niagara Falls, Ontario, Canada","Niagara Falls, Niagara Region, Ontario, Canada","administrative","revisar","43.1065603","-79.0639039",""
"con pin","Ver las fuentes del Bellagio","Fountains of Bellagio, Las Vegas, United States","Fountains of Bellagio, Las Vegas, United States","Fountains of Bellagio, Via del Nord, Paradise, Clark County, Nevada, 89158, United States","fountain","fiable","36.1127908","-115.1741295",""
"con pin","Bañarte en la piscina del Marina Bay Sands","Marina Bay Sands, Singapore","Marina Bay Sands, Singapore","Marina Bay Sands, 10, Bayfront Avenue, Bayfront Subzone, Civic District, Downtown Core, Central Region, Singapore, 018956, Singapore","hotel","fiable","1.2836965","103.8607226",""
"con pin","Soltar un farolillo en el Yi Peng","Chiang Mai, Thailand","Chiang Mai, Thailand","เทศบาลนครเชียงใหม่, ฟ้าฮ่าม, อำเภอเมืองเชียงใหม่, จังหวัดเชียงใหม่, ประเทศไทย","administrative","revisar","18.7882778","98.9858802",""
"con pin","Recorrer la muralla de Xi'an","Xi'an City Wall, Xi'an, China","Xi'an City Wall, Xi'an, China","西安城墙, 振兴路, 光荣社区, 南稍门社区, 长安路街道, 碑林区, 西安市, 陕西省, 710002, 中国","attraction","fiable","34.2651226","108.9207577",""
"con pin","Cruzar el puente de Brooklyn","Brooklyn Bridge, New York, United States","Brooklyn Bridge, New York, United States","Brooklyn Bridge, Seaport, Lower Manhattan, Manhattan, New York County, New York, 10038, United States","bridge","fiable","40.7062175","-73.9970208",""
"con pin","Visitar la Capilla Sixtina","Cappella Sistina, Citta del Vaticano","Cappella Sistina","Cappella Sistina, Via Ambrogio Aonzo, Villetta, Savona, Liguria, 17100, Italia","place_of_worship","fiable","44.3078647","8.4825016",""
"con pin","Pasear por el Malecón de La Habana","Malecon, La Habana, Cuba","Malecon, La Habana, Cuba","Malecón, Vedado – Malecón, Plaza de la Revolución, La Habana, Habana del Este, 33100, Cuba","trunk","revisar","23.1410565","-82.4029307",""
"con pin","Comer en el mercado de Chatuchak","Chatuchak Weekend Market, Bangkok, Thailand","Chatuchak Weekend Market, Bangkok, Thailand","ตลาดนัดจตุจักร, ถนนพหลโยธิน, แขวงจตุจักร, เขตจตุจักร, กรุงเทพมหานคร, 10900, ประเทศไทย","marketplace","fiable","13.8002651","100.5511228",""
"con pin","Visitar los Jardines de Tivoli","Tivoli, Kobenhavn, Danmark","Tivoli, Kobenhavn, Danmark","Tivoli, Bag Rådhuset, Vestervold, Kødbyen, København, Københavns Kommune, Region Hovedstaden, 1553, Danmark","theme_park","fiable","55.6734161","12.5691819",""
"con pin","Ver la Fuente de Dubái","The Dubai Fountain, Dubai","The Dubai Fountain","The Greens Fountain, شارع الروضة, مدينة دبي للإعلام 2, الثنية 1, دبي, الإمارات العربية المتحدة","fountain","revisar","25.0925084","55.1704226",""
"con pin","Montar en el tranvía 28 de Lisboa","Praca Martim Moniz, Lisboa, Portugal","Praca Martim Moniz, Lisboa, Portugal","Praça Martim Moniz, Mouraria, Santa Maria Maior, Madalena, Lisboa, 1100-390, Portugal","pedestrian","fiable","38.7159973","-9.1363463",""
"con pin","Visitar el Memorial del Holocausto","Denkmal fur die ermordeten Juden Europas, Berlin","Denkmal fur die ermordeten Juden Europas, Berlin","Denkmal für die ermordeten Juden Europas, 1, Cora-Berliner-Straße, Friedrich-Wilhelm-Stadt, Mitte, Berlin, 10117, Deutschland","attraction","fiable","52.5138731","13.3787346",""
"con pin","Pasear por el bosque de bambú de Arashiyama","Arashiyama, Kyoto, Japan","Arashiyama, Kyoto, Japan","Arashiyama, 宇多野嵐山山田線, 嵐山中尾下町, 西京区, 京都市, 京都府, 615-0000, 日本","attraction","fiable","35.0090473","135.6744961",""
"con pin","Ver los árboles muertos de Deadvlei","Deadvlei, Namib-Naukluft, Namibia","Deadvlei, Namibia","Dead Vlei, Hardap Region, Namibia","wetland","fiable","-24.7629911","15.2944005",""
"con pin","Ver La Última Cena de Leonardo","Cenacolo Vinciano, Milano, Italia","Cenacolo Vinciano, Milano, Italia","Museo del Cenacolo Vinciano, 2, Piazza Santa Maria delle Grazie, Magenta - San Vittore, Municipio 1, Milano, Rodano, Milano, Lombardia, 20123, Italia","museum","fiable","45.4662047","9.170655",""
"con pin","Ir a la Feria de Abril","Los Remedios, Sevilla, España","Los Remedios, Sevilla, España","Los Remedios, Sevilla, Andalucía, España","administrative","revisar","37.3747385","-5.9993033",""
"con pin","Ver el cráter del Ngorongoro","Ngorongoro Crater, Tanzania","Ngorongoro Crater, Tanzania","Ngorongoro Crater, Ngorongoro, Arusha, Northern Zone, Tanzania","ridge","fiable","-3.1766341","35.5788125",""
"con pin","Cruzar el Bósforo en barco","Bosphorus, Istanbul, Turkey","Bosphorus, Istanbul, Turkey","İstanbul Boğazı, İstanbul, Marmara Bölgesi, Türkiye","strait","fiable","41.1125268","29.0718072",""
"con pin","Visitar la Isla de los Museos","Museumsinsel, Berlin, Deutschland","Museumsinsel, Berlin, Deutschland","Museumsinsel, Schloßfreiheit, Nikolaiviertel, Spandauer Vorstadt, Mitte, Berlin, 10178, Deutschland","station","fiable","52.5172626","13.3988844",""
"con pin","Ver un iceberg en Groenlandia","Ilulissat Icefjord, Greenland","Ilulissat Icefjord, Greenland","Kangiata Sullua, Kalaallit Nunaat","bay","fiable","69.1778173","-50.2229941",""
"con pin","Navegar por el delta del Okavango","Okavango Delta, Botswana","Okavango Delta, Botswana","Okavango Delta, North-West District, Botswana","nature_reserve","fiable","-19.1540046","22.9800936",""
"con pin","Ver el amanecer desde el monte Batur","Gunung Batur, Bali, Indonesia","Gunung Batur, Bali, Indonesia","Gunung Batur, Kintamani, Bangli, Bali, 80256, Indonesia","volcano","fiable","-8.2394154","115.3779603",""
"con pin","Pasear en góndola por Venecia","Canal Grande, Venezia, Italia","Canal Grande, Venezia, Italia","Canal Grande, Murano, Venezia, Veneto, Italia","canal","fiable","45.437773","12.3355904",""
"con pin","Comer en el mercado de La Boqueria","Mercat de Sant Josep la Boqueria, Barcelona","Mercat de Sant Josep la Boqueria, Barcelona","Mercat de Sant Josep - La Boqueria, 91, La Rambla, el Raval, Ciutat Vella, Barcelona, Barcelonès, Barcelona, Catalunya, 08001, España","marketplace","fiable","41.381736","2.1715515",""
"con pin","Cruzar el Puente de Carlos","Karluv most, Praha, Czechia","Karluv most, Praha, Czechia","Karlův most, Křižovnické náměstí, Staré Město, obvod Praha 1, Praha, 116 93, Česko","bridge","fiable","50.0866258","14.4101485",""
"con pin","Montar en el London Eye","London Eye, Lambeth, London","London Eye, Lambeth, London","London Eye, Westminster Bridge Road, South Bank, Lambeth, London Borough of Lambeth, Greater London, England, SE1 7PB, United Kingdom","attraction","fiable","51.5033416","-0.1196765",""
"con pin","Hacer cumbre en el Kilimanjaro","Kilimanjaro, Tanzania","Kilimanjaro, Tanzania","Kilimanjaro, Northern Zone, Tanzania","massif","fiable","-3.0786534","37.4198556",""
"con pin","Visitar la Galería Uffizi","Galleria degli Uffizi, Firenze, Italia","Galleria degli Uffizi, Firenze, Italia","Galleria degli Uffizi, Chiasso dei Baroncelli, Oltrarno, Quartiere 1, Firenze, Toscana, 50122, Italia","museum","fiable","43.7683129","11.2558009",""
"con pin","Ver una carrera en Silverstone","Silverstone Circuit, Northamptonshire, United Kingdom","Silverstone Circuit, Northamptonshire, United Kingdom","Silverstone Circuit, Bridge, Lillingstone Dayrell with Luffield Abbey, Silverstone, Buckinghamshire, England, NN12 8TL, United Kingdom","sports_centre","fiable","52.0718116","-1.0142991",""
"con pin","Navegar por el Amazonas","Amazon River, Peru","Amazon River, Peru","Amazon, Fernando Lores, Maynas, Loreto, Perú","river","fiable","-3.8932882","-73.1868553",""
"con pin","Visitar la Casa de Ana Frank","Anne Frank Huis, Amsterdam, Nederland","Anne Frank Huis, Amsterdam, Nederland","Anne Frank Huis, 267, Prinsengracht, Grachtengordel, Centrum, Amsterdam, Noord-Holland, Nederland, 1016 GV, Nederland","museum","fiable","52.3751558","4.8840807",""
"con pin","Recorrer el circuito del Annapurna","Annapurna Conservation Area, Nepal","Annapurna Conservation Area, Nepal","अन्‍नपूर्ण संरक्षण क्षेत्र, गण्डकी प्रदेश, नेपाल","nature_reserve","fiable","28.7874458","83.9806534",""
"con pin","Ver el cartel de Hollywood","Hollywood Sign, Los Angeles, United States","Hollywood Sign, Los Angeles, United States","Hollywood Sign, Mount Lee Drive, Los Feliz Neighborhood Council District, Los Angeles, Los Angeles County, California, 90068, United States","attraction","fiable","34.1340991","-118.321652",""
"con pin","Visitar el Palacio de Topkapi","Topkapi Sarayi, Istanbul, Turkey","Topkapi Sarayi, Istanbul, Turkey","Topkapı Sarayı, Kadın Efendiler Taşlığı, Cankurtaran Mahallesi, İstanbul, Fatih, İstanbul, Marmara Bölgesi, 34122, Türkiye","attraction","fiable","41.0129795","28.9840659",""
"con pin","Ver una carrera en Monza","Autodromo Nazionale Monza, Monza, Italia","Autodromo Nazionale Monza, Monza, Italia","Autodromo Nazionale di Monza, 5, Viale Vedano, Parco, Monza, Monza e della Brianza, Lombardia, 20900, Italia","sports_centre","fiable","45.6191059","9.282641",""
"con pin","Perderte en los zocos de Marrakech","Souk Semmarine, Marrakech, Morocco","Souk Semmarine, Marrakech, Morocco","Souk Semmarine, Souks, Medina ⵎⴷⵉⵏⴰ المدينة, Arrondissement de Marrakech-Medina مقاطعة مراكش المدينة, Marrakech ⵎⵕⵕⴰⴽⵯⵛ مراكش, Pachalik de Marrakech, Préfecture de Marrakech عمالة مراكش, Marrakech-Safi ⵎⵕⵕⴰⴽⵛ-ⴰⵙⴼⵉ مراكش-أسفي, 40040, Maroc ⵍⵎⵖⵔⵉⴱ المغرب","pedestrian","fiable","31.627915","-7.9880917",""
"con pin","Subir al Pan de Azúcar","Pao de Acucar, Rio de Janeiro, Brasil","Pao de Acucar, Rio de Janeiro, Brasil","Pão de Açúcar, Rio de Janeiro, Região Sudeste, 22291-090, Brasil","peak","fiable","-22.9494891","-43.1561568",""
"con pin","Correr un encierro de San Fermín","Plaza de Toros de Pamplona, Pamplona, España","Plaza de Toros de Pamplona, Pamplona, España","Plaza de Toros de Pamplona, 1, Amaia kalea, Zitadela / Ciudadela, Zabalguneak, Segundo Ensanche, Pamplona / Iruña, Iruñerria, Navarra, Navarra / Nafarroa, 31002, España","stadium","fiable","42.815911","-1.6390012",""
"con pin","Subir a la Torre CN","CN Tower, Toronto, Canada","CN Tower, Toronto, Canada","CN Tower, 290, Bremner Boulevard, Harbourfront-CityPlace, Downtown, Toronto, Ontario, M5V 3L9, Canada","tower","fiable","43.6425637","-79.3870872",""
"con pin","Cruzar el puente colgante de Capilano","Capilano Suspension Bridge, North Vancouver, Canada","Capilano Suspension Bridge, North Vancouver, Canada","Capilano Suspension Bridge, 3735, Capilano, Edgemont Village, District of North Vancouver, Metro Vancouver Regional District, British Columbia, V7R 1T5, Canada","footway","fiable","49.3429014","-123.1151049",""
"con pin","Pasear por el Paseo de la Fama","Hollywood Walk of Fame, Los Angeles, United States","Hollywood Walk of Fame","Walk of Fame, North Orange Drive, Hollywood, Los Angeles, Los Angeles County, California, 90028, United States","attraction","fiable","34.1016621","-118.3425327",""
"con pin","Escuchar jazz en directo en Bourbon Street","Bourbon Street, New Orleans, United States","Bourbon Street, New Orleans, United States","Bourbon Street, French Quarter, New Orleans, Orleans Parish, Louisiana, 70116, United States","residential","fiable","29.9617104","-90.0628727",""
"con pin","Pasear por la Plaza de la Ciudad Vieja de Praga","Staromestske namesti, Praha, Czechia","Staromestske namesti, Praha, Czechia","Staroměstské náměstí, Josefov, obvod Praha 1, Praha, Česko","square","fiable","50.0874453","14.4209714",""
"con pin","Jugar al Holi en India","Mathura, Uttar Pradesh, India","Mathura, Uttar Pradesh, India","Mathura, Uttar Pradesh, 281001, India","city","revisar","27.4955539","77.6855554",""
"con pin","Pasear por el Malecón de Miraflores","Miraflores, Lima, Perú","Miraflores, Lima, Perú","Miraflores, Lima, Lima Metropolitana, Lima, Perú","administrative","revisar","-12.121498","-77.0259064",""
"con pin","Ir al Carnaval de Venecia","Piazza San Marco, Venezia, Italia","Piazza San Marco, Venezia, Italia","Piazza San Marco, San Marco, Venezia-Murano-Burano, Lido, Venezia, Veneto, 30124, Italia","square","fiable","45.4342571","12.3386717",""
"con pin","Recorrer las islas Lofoten","Lofoten, Norway","Lofoten, Norway","Kletten, Osterøy, Vestland, 5282, Norge","peak","fiable","60.5112045","5.5375292",""
"con pin","Visitar el Castillo de Praga","Prazsky hrad, Praha, Czechia","Prazsky hrad, Praha, Czechia","Pražský hrad, Býčí schodiště, Malá Strana, obvod Praha 1, Praha, 119 00, Česko","castle","fiable","50.0908114","14.4005225",""
"con pin","Visitar el Museo de Arte Islámico de Doha","Museum of Islamic Art, Doha, Qatar","Museum of Islamic Art, Doha, Qatar","متحف الفن الإسلامي, شارع الكورنيش, حي الميناء, ميناء الدوحة, الدوحة, قطر","museum","fiable","25.2955386","51.5394159",""
"con pin","Pasear por la Royal Mile","Royal Mile, Edinburgh, Scotland","Royal Mile, Edinburgh, Scotland","Canongate, Holyrood, Canongate, Old Town, City of Edinburgh, Alba / Scotland, EH8 8DD, United Kingdom","tertiary","fiable","55.9515329","-3.1791979",""
"con pin","Ver las cataratas Victoria","Victoria Falls, Zambia","Victoria Falls, Zambia","Main Falls, Livingstone, Livingstone District, Southern Province, Zambia","cliff","fiable","-17.923992","25.85201",""
"con pin","Llegar al campo base del Everest","Everest Base Camp, Nepal","Everest Base Camp, Nepal","Everest Base Camp, Khumbupasanglahmu-04, खुम्बु पासाङल्हामु गाउँपालिका, सोलुखुम्बु जिल्ला, कोशी प्रदेश, नेपाल","camp_site","revisar","27.9996646","86.8487946",""
"con pin","Visitar el templo de Karnak","Karnak Temple, Luxor, Egypt","Karnak Temple, Luxor, Egypt","Karnak Temples & Luxor Temple, طريق الكباش, الكرنك القديم, الأقصر, 81693, مصر","ticket","revisar","25.7101358","32.6501364",""
"con pin","Subir a la Montaña de Colores","Vinicunca, Pitumarca, Perú","Vinicunca, Perú","Winikunka, Cusipata, Quispicanchi, Cusco, Perú","peak","fiable","-13.8678515","-71.3029783",""
"con pin","Jugar en el Old Course de St Andrews","Old Course, St Andrews, Scotland","Old Course, St Andrews, Scotland","Old Course, Bruce Embankment, Town Centre, St Andrews, Fife, Alba / Scotland, KY16 9XL, United Kingdom","golf_course","fiable","56.35191","-2.8162055",""
"con pin","Visitar el templo Doi Suthep","Doi Suthep, Chiang Mai, Thailand","Doi Suthep, Chiang Mai, Thailand","ดอยสุเทพ, เทศบาลเมืองสุเทพ, สันผีเสื้อ, อำเภอเมืองเชียงใหม่, จังหวัดเชียงใหม่, ประเทศไทย","peak","fiable","18.8166077","98.89236",""
"con pin","Ver las terrazas de arroz de Tegallalang","Tegalalang Rice Terrace, Bali, Indonesia","Tegalalang Rice Terrace","Mupu Rice Terrace, Tangkup, Kedisan, Tegallalang, Gianyar, Bali, 80561, Indonesia","farmland","revisar","-8.428549","115.2798755",""
"con pin","Cruzar el puente Don Luis I","Ponte Luis I, Porto, Portugal","Ponte Luis I, Porto, Portugal","Ponte Luiz I (tabuleiro superior), Guindais, Conjunto Urbano da Ribeira, Centro Histórico do Porto, Cedofeita, Santo Ildefonso, Sé, Miragaia, São Nicolau e Vitória, Porto, 4000-278, Portugal","pedestrian","fiable","41.1401696","-8.6094576",""
"con pin","Visitar el Panteón de Roma","Pantheon, Roma, Italia","Pantheon, Roma, Italia","Pantheon, Piazza della Rotonda, Colonna, Municipio Roma I, Roma, Roma Capitale, Lazio, 00186, Italia","place_of_worship","fiable","41.898616","12.4768334",""
"con pin","Ver el desierto de Atacama","Valle de la Luna, San Pedro de Atacama, Chile","Valle de la Luna, San Pedro de Atacama, Chile","Valle de la Luna, San Pedro de Atacama, Provincia de El Loa, Región de Antofagasta, Chile","valley","revisar","-22.9316208","-68.3087226",""
"con pin","Mojarte en el Songkran","Chiang Mai, Thailand","Chiang Mai, Thailand","เทศบาลนครเชียงใหม่, ฟ้าฮ่าม, อำเภอเมืองเชียงใหม่, จังหวัดเชียงใหม่, ประเทศไทย","administrative","revisar","18.7882778","98.9858802",""
"con pin","Recorrer las murallas de Dubrovnik","Stari Grad, Dubrovnik, Croatia","Stari Grad, Dubrovnik, Croatia","Grad, Gradski kotar Grad, Dubrovnik, Grad Dubrovnik, Dubrovačko-neretvanska županija, 20108, Hrvatska","suburb","revisar","42.6412461","18.1091346",""
"con pin","Hacer un safari por el desierto de Dubái","Dubai Desert Conservation Reserve, United Arab Emirates","Dubai Desert Conservation Reserve, United Arab Emirates","محمية دبي الصحراوية, دبي, الإمارات العربية المتحدة","nature_reserve","fiable","24.8621233","55.6464529",""
"con pin","Visitar la Plaza de San Marcos","Piazza San Marco, Venezia, Italia","Piazza San Marco, Venezia, Italia","Piazza San Marco, San Marco, Venezia-Murano-Burano, Lido, Venezia, Veneto, 30124, Italia","square","fiable","45.4342571","12.3386717",""
"con pin","Ver una carrera en el circuito de Mónaco","Circuit de Monaco, Monaco","Circuit de Monaco, Monaco","Circuit de Monaco, Tunnel Rocher Palais, La Condamine, Monaco, 98000, Monaco","raceway","fiable","43.7333314","7.422466",""
"con pin","Subir a la Torre Namsan","N Seoul Tower, Seoul, South Korea","N Seoul Tower, Seoul, South Korea","Viewpoint of the N Seoul Tower, 녹사평대로, 용산동4가, 이태원2동, 용산구, 서울특별시, 04345, 대한민국","viewpoint","fiable","37.5349513","126.9870892",""
"SIN PIN","Recorrer el Círculo Dorado","Thingvellir, Iceland","","","","","","","cae FUERA DEL PAÍS: Thingvellir está en United Kingdom y el gooal dice Islandia"
"SIN PIN","Ver el Reloj Astronómico de Praga","Prazsky orloj, Praha, Czechia","","","","","","","ninguna respuesta era claramente el sitio"
"SIN PIN","Dormir en un bungalow sobre el agua en Bora Bora","Bora-Bora, French Polynesia","","","","","","","cae FUERA DEL PAÍS: Bora-Bora (Waaf) está en Indonesia y el gooal dice Polinesia Francesa"
"SIN PIN","Subir en bici al Angliru","Alto del Angliru, Asturias, España","","","","","","","ninguna respuesta era claramente el sitio"
"SIN PIN","Hacer un safari en el Masái Mara","Maasai Mara National Reserve, Kenya","","","","","","","ninguna respuesta era claramente el sitio"
"SIN PIN","Ver un partido en la pista central de Wimbledon","All England Lawn Tennis and Croquet Club, London","","","","","","","ninguna respuesta era claramente el sitio"
"SIN PIN","Flotar en el mar Muerto","Dead Sea","","","","","","","cae FUERA DEL PAÍS: البحر الميت ים המלח está en الأراضي الفلسطينية y el gooal dice Israel"
"SIN PIN","Subir al monte Srd en teleférico","Srd, Dubrovnik, Croatia","","","","","","","cae FUERA DEL PAÍS: Sardoal está en Portugal y el gooal dice Croacia"
